panel,tag,t,power_W,step_W,sd_W,drift_W,n_active,n_idle
a,f64,0.0,2.080891494470677,,,,,
a,f64,1.2365949994325638,2.1187457624112906,,,,,
a,f64,2.4731899988651276,2.0832128171699185,,,,,
a,f64,3.7097849982976916,2.2684262170491936,,,,,
a,f64,4.946379997730255,2.34567667578629,,,,,
a,f64,6.182974997162819,2.1001293273308943,,,,,
a,f64,7.419569996595383,2.0904142433629027,,,,,
a,f64,8.656164996027947,2.19696702783387,,,,,
a,f64,9.89275999546051,2.1057848774195125,,,,,
a,f64,11.129354994893074,2.0976550103040323,,,,,
a,f64,12.365949994325637,2.103310151527642,,,,,
a,f64,13.602544993758201,2.1018319668016128,,,,,
a,f64,14.839139993190766,2.097379701725807,,,,,
a,f64,16.075734992623328,2.0981239599065042,,,,,
a,f64,17.312329992055894,2.097231784198387,,,,,
a,f64,18.548924991488455,2.0951241998846775,,,,,
a,f64,19.78551999092102,2.18312059711129,,,,,
a,f64,21.022114990353586,2.102593367353658,,,,,
a,f64,22.258709989786148,2.105612580070968,,,,,
a,f64,23.495304989218713,2.103032344006504,,,,,
a,f64,24.731899988651275,2.1083435904266126,,,,,
a,f64,25.96849498808384,2.1132375676225803,,,,,
a,f64,27.205089987516402,2.1119403490552844,,,,,
a,f64,28.441684986948967,2.1030123695459677,,,,,
a,f64,29.678279986381533,2.1000048574814514,,,,,
a,f64,30.914874985814095,2.111611366299187,,,,,
a,f64,32.151469985246656,2.171636567132258,,,,,
a,f64,33.388064984679225,2.1516071572887103,,,,,
a,f64,34.62465998411179,2.1154819797479676,,,,,
a,f64,35.86125498354435,2.170204817395967,,,,,
a,f64,37.09784998297691,2.1178101231887094,,,,,
a,f64,38.33444498240948,2.097888870338212,,,,,
a,f64,39.57103998184204,2.094556263695968,,,,,
a,f64,40.8076349812746,2.094669198341129,,,,,
a,f64,42.04422998070717,2.108495801850407,,,,,
a,f64,43.280824980139734,2.0945744181311996,,,,,
a,f64,44.517419979572296,2.0967641936411296,,,,,
a,f64,45.75401497900486,2.1818772244829265,,,,,
a,f64,46.990609978437426,2.102492676287903,,,,,
a,f64,48.22720497786999,2.0952999234910568,,,,,
a,f64,49.46379997730255,2.099283397333065,,,,,
a,f64,50.70039497673512,2.1018287445411286,,,,,
a,f64,51.93698997616768,2.0977113216829264,,,,,
a,f64,53.17358497560024,2.097367922901613,,,,,
a,f64,54.410179975032804,2.0955426118967746,,,,,
a,f64,55.64677497446537,2.0952830162097564,,,,,
a,f64,56.883369973897935,2.1043222062975806,,,,,
a,f64,58.1199649733305,2.1799131410782255,,,,,
a,f64,59.356559972763066,2.0977142772682926,,,,,
a,f64,60.59315497219563,2.093174600630645,,,,,
a,f64,61.82974997162819,2.0925263236,,,,,
a,f64,63.06634497106075,2.0928380358894305,,,,,
a,f64,64.30293997049331,2.0971312676927427,,,,,
a,f64,65.53953496992588,2.1096191083612905,,,,,
a,f64,66.77612996935845,2.099950899788618,,,,,
a,f64,68.012724968791,2.092908697725806,,,,,
a,f64,69.24931996822357,2.092945551379032,,,,,
a,f64,70.48591496765614,2.200581489290244,,,,,
a,f64,71.7225099670887,2.1143855774919356,,,,,
a,f64,72.95910496652127,2.099791903412904,,,,,
a,f64,74.19569996595382,2.098494101280487,,,,,
a,f64,75.43229496538639,2.097277418754839,,,,,
a,f64,76.66888996481896,2.10565980646371,,,,,
a,f64,77.90548496425151,2.1598846828991864,,,,,
a,f64,79.14207996368408,2.1003609902685474,,,,,
a,f64,80.37867496311665,2.0970818144911294,,,,,
a,f64,81.6152699625492,2.096431830227642,,,,,
a,f64,82.85186496198178,2.1842098200072577,,,,,
a,f64,84.08845996141434,2.103958505771774,,,,,
a,f64,85.3250549608469,2.0985878571495937,,,,,
a,f64,86.56164996027947,2.1044235027741935,,,,,
a,f64,87.79824495971202,2.111478922927419,,,,,
a,f64,89.03483995914459,2.096958567320325,,,,,
a,f64,90.27143495857716,2.096929670180645,,,,,
a,f64,91.50802995800971,2.0984148793528457,,,,,
a,f64,92.74462495744228,2.097249474687097,,,,,
a,f64,93.98121995687485,2.097100220174194,,,,,
a,f64,95.21781495630741,2.1632142481853656,,,,,
a,f64,96.45440995573998,2.142013289770968,,,,,
a,f64,97.69100495517255,2.098613176816129,,,,,
a,f64,98.9275999546051,2.097324674758065,,,,,
a,f64,100.16419495403767,2.1035097195821137,,,,,
a,f64,101.40078995347024,2.116005765974193,,,,,
a,f64,102.63738495290279,2.121853017736586,,,,,
a,f64,103.87397995233536,2.0969986519161283,,,,,
a,f64,105.11057495176792,2.0972798098935486,,,,,
a,f64,106.34716995120048,2.1016898836853657,,,,,
a,f64,107.58376495063305,2.1808004600403224,,,,,
a,f64,108.82035995006561,2.1300719381822573,,,,,
a,f64,110.05695494949818,2.101207586804878,,,,,
a,f64,111.29354994893075,2.0970212165064512,,,,,
a,f64,112.5301449483633,2.104621159024193,,,,,
a,f64,113.76673994779587,2.0990810522723575,,,,,
a,f64,115.00333494722844,2.0973984039879037,,,,,
a,f64,116.239929946661,2.0972894808249998,,,,,
a,f64,117.47652494609356,2.1067751480349592,,,,,
a,f64,118.71311994552613,2.1015679283653226,,,,,
a,f64,119.94971494495869,2.1859404789225803,,,,,
a,f64,121.18630994439125,2.106192894482114,,,,,
a,f64,122.42290494382381,2.0973012459314515,,,,,
a,f64,123.65949994325638,2.0961297416556444,,,,,
a,f64,124.89609494268895,2.100997777682114,,,,,
a,f64,126.1326899421215,2.107370243485484,,,,,
a,f64,127.36928494155407,2.0980712464306452,,,,,
a,f64,128.60587994098663,2.095985668962602,,,,,
a,f64,129.8424749404192,2.096631006662903,,,,,
a,f64,131.07906993985176,2.096882253012903,,,,,
a,f64,132.31566493928432,2.183962880739024,,,,,
a,f64,133.5522599387169,2.104251896495161,,,,,
a,f64,134.78885493814946,2.0970244698983875,,,,,
a,f64,136.025449937582,2.0990837641398374,,,,,
a,f64,137.2620449370146,2.1275276933500002,,,,,
a,f64,138.49863993644715,2.1055057797080647,,,,,
a,f64,139.7352349358797,2.0958907593430895,,,,,
a,f64,140.9718299353123,2.09606197896129,,,,,
a,f64,142.20842493474484,2.1035625687830644,,,,,
a,f64,143.4450199341774,2.1090329739243896,,,,,
a,f64,144.68161493360995,2.1838861273548384,,,,,
a,f64,145.91820993304253,2.103246571195161,,,,,
a,f64,147.1548049324751,2.106741951042276,,,,,
a,f64,148.39139993190764,2.1053893411338716,,,,,
a,f64,149.62799493134023,2.099278537333871,,,,,
a,f64,150.86458993077278,2.097730610861788,,,,,
a,f64,152.10118493020533,2.0983116653887093,,,,,
a,f64,153.33777992963792,2.098658592743549,,,,,
a,f64,154.57437492907047,2.098201344626016,,,,,
a,f64,155.81096992850303,2.1051057030830647,,,,,
a,f64,157.0475649279356,2.1877473420491937,,,,,
a,f64,158.28415992736817,2.103526339069106,,,,,
a,f64,159.52075492680072,2.0963358655967737,,,,,
a,f64,160.7573499262333,2.096569012903252,,,,,
a,f64,161.99394492566586,2.1002360124741934,,,,,
a,f64,163.2305399250984,2.0966743386483873,,,,,
a,f64,164.467134924531,2.0966514441504063,,,,,
a,f64,165.70372992396355,2.095722505175807,,,,,
a,f64,166.9403249233961,2.1001701763766123,,,,,
a,f64,168.1769199228287,2.0967204178536583,,,,,
a,f64,169.41351492226124,2.17513419498871,,,,,
a,f64,170.6501099216938,2.1002581053056457,,,,,
a,f64,171.88670492112638,2.096116087089431,,,,,
a,f64,173.12329992055894,2.1035891939161293,,,,,
a,f64,174.3598949199915,2.097630741616129,,,,,
a,f64,175.59648991942404,2.094892526305691,,,,,
a,f64,176.83308491885663,2.095282868862903,,,,,
a,f64,178.06967991828918,2.154858752295161,,,,,
a,f64,179.30627491772174,2.0972277875853655,,,,,
a,f64,180.54286991715432,2.0982438924,,,,,
a,f64,181.77946491658687,2.1779394313790332,,,,,
a,f64,183.01605991601943,2.1027587834577237,,,,,
a,f64,184.252654915452,2.0956433579854834,,,,,
a,f64,185.48924991488457,2.2886283108153225,,,,,
a,f64,186.72584491431712,2.8378162791747963,,,,,
a,f64,187.9624399137497,2.8547507736806454,,,,,
a,f64,189.19903491318226,2.835338721366129,,,,,
a,f64,190.43562991261481,2.834000402998374,,,,,
a,f64,191.6722249120474,2.837567208470968,,,,,
a,f64,192.90881991147995,2.8328215607935485,,,,,
a,f64,194.1454149109125,2.9162252271617883,,,,,
a,f64,195.3820099103451,2.835211739799194,,,,,
a,f64,196.61860490977764,2.8296046220161295,,,,,
a,f64,197.8551999092102,2.852105324619512,,,,,
a,f64,199.09179490864278,2.8333646765822578,,,,,
a,f64,200.32838990807534,2.8251666625798384,,,,,
a,f64,201.5649849075079,2.8394685951894307,,,,,
a,f64,202.80157990694047,2.8457345640096774,,,,,
a,f64,204.03817490637303,2.827876429867742,,,,,
a,f64,205.27476990580558,2.834273309782927,,,,,
a,f64,206.51136490523814,2.9144796060096776,,,,,
a,f64,207.74795990467072,2.8650164967064513,,,,,
a,f64,208.98455490410328,2.8223911647658535,,,,,
a,f64,210.22114990353583,2.8408705602298387,,,,,
a,f64,211.45774490296841,2.8349794157822577,,,,,
a,f64,212.69433990240097,2.8598136304666673,,,,,
a,f64,213.93093490183352,2.815476986937097,,,,,
a,f64,215.1675299012661,2.843534048187097,,,,,
a,f64,216.40412490069866,2.824798414646341,,,,,
a,f64,217.64071990013122,2.83794752536371,,,,,
a,f64,218.8773148995638,2.9115195795894304,,,,,
a,f64,220.11390989899635,2.8466751337943546,,,,,
a,f64,221.3505048984289,2.840301151068548,,,,,
a,f64,222.5870998978615,2.8354182164943085,,,,,
a,f64,223.82369489729405,2.8327503841290316,,,,,
a,f64,225.0602898967266,2.8345385078217746,,,,,
a,f64,226.29688489615918,2.8374194463772358,,,,,
a,f64,227.53347989559174,2.8398518898685485,,,,,
a,f64,228.7700748950243,2.8434708564648,,,,,
a,f64,230.00666989445688,2.8411453348414635,,,,,
a,f64,231.24326489388943,2.9275560005927423,,,,,
a,f64,232.479859893322,2.8494344774733866,,,,,
a,f64,233.71645489275457,2.8283970836276424,,,,,
a,f64,234.95304989218712,2.834936855226613,,,,,
a,f64,236.18964489161968,2.838090909040322,,,,,
a,f64,237.42623989105226,2.834467880861789,,,,,
a,f64,238.66283489048482,2.8692472349475806,,,,,
a,f64,239.89942988991737,2.868831351074194,,,,,
a,f64,241.13602488934993,2.874926594139025,,,,,
a,f64,242.3726198887825,2.8605739367620964,,,,,
a,f64,243.60921488821506,2.941121312349594,,,,,
a,f64,244.84580988764762,2.8465304416911286,,,,,
a,f64,246.0824048870802,2.8320259331677415,,,,,
a,f64,247.31899988651276,2.826600524086179,,,,,
a,f64,248.5555948859453,2.8503853559258068,,,,,
a,f64,249.7921898853779,2.8306222085975805,,,,,
a,f64,251.02878488481045,2.8377194536056907,,,,,
a,f64,252.265379884243,2.8379780626314512,,,,,
a,f64,253.5019748836756,2.8395528642258063,,,,,
a,f64,254.73856988310814,2.834976653073171,,,,,
a,f64,255.9751648825407,2.834505034430646,,,,,
a,f64,257.21175988197325,2.9604793795709674,,,,,
a,f64,258.4483548814058,2.8665254317788618,,,,,
a,f64,259.6849498808384,2.8722985645806447,,,,,
a,f64,260.921544880271,2.864170605174194,,,,,
a,f64,262.1581398797035,2.8548511303252035,,,,,
a,f64,263.3947348791361,2.8725828054677414,,,,,
a,f64,264.63132987856864,2.8728285675548384,,,,,
a,f64,265.8679248780012,2.8645094980910573,,,,,
a,f64,267.1045198774338,2.8953518637903217,,,,,
a,f64,268.34111487686636,2.8680571504612913,,,,,
a,f64,269.5777098762989,2.9587320824317067,,,,,
a,f64,270.81430487573147,2.887510506733064,,,,,
a,f64,272.050899875164,2.881115365658871,,,,,
a,f64,273.2874948745966,2.8823404156544714,,,,,
a,f64,274.5240898740292,2.878161080340323,,,,,
a,f64,275.76068487346174,2.8536634226193547,,,,,
a,f64,276.9972798728943,2.848536847004878,,,,,
a,f64,278.23387487232685,2.8673550294193544,,,,,
a,f64,279.4704698717594,2.866956735229032,,,,,
a,f64,280.70706487119196,2.8735757652552842,,,,,
a,f64,281.9436598706246,2.974859617293549,,,,,
a,f64,283.1802548700571,2.8901076873137104,,,,,
a,f64,284.4168498694897,2.8543736408642277,,,,,
a,f64,285.65344486892224,2.8747848580911284,,,,,
a,f64,286.8900398683548,2.872455735825807,,,,,
a,f64,288.12663486778735,2.8714409285130076,,,,,
a,f64,289.3632298672199,2.864074569708871,,,,,
a,f64,290.5998248666525,2.863309759612903,,,,,
a,f64,291.83641986608507,2.872179275284553,,,,,
a,f64,293.0730148655176,2.946835286428226,,,,,
a,f64,294.3096098649502,2.907314241369919,,,,,
a,f64,295.54620486438273,2.866208562521774,,,,,
a,f64,296.7827998638153,2.8615074483612903,,,,,
a,f64,298.0193948632479,2.8720658659382114,,,,,
a,f64,299.25598986268045,2.86003852356129,,,,,
a,f64,300.492584862113,2.8686955641709675,,,,,
a,f64,301.72917986154556,2.8585556490406505,,,,,
a,f64,302.9657748609781,2.8739205633516134,,,,,
a,f64,304.20236986041067,2.8648007142854834,,,,,
a,f64,305.4389648598433,2.955711134003252,,,,,
a,f64,306.67555985927584,2.8735928991185484,,,,,
a,f64,307.9121548587084,2.862770369075,,,,,
a,f64,309.14874985814095,2.872492679564228,,,,,
a,f64,310.3853448575735,2.8676141697935487,,,,,
a,f64,311.62193985700605,2.883967213312903,,,,,
a,f64,312.85853485643867,2.856061681882927,,,,,
a,f64,314.0951298558712,2.8553642942387096,,,,,
a,f64,315.3317248553038,2.860649809816129,,,,,
a,f64,316.56831985473633,2.8843661213691068,,,,,
a,f64,317.8049148541689,2.944618482057258,,,,,
a,f64,319.04150985360144,2.8639706508725804,,,,,
a,f64,320.278104853034,2.834480862253658,,,,,
a,f64,321.5146998524666,2.8294768067241933,,,,,
a,f64,322.75129485189916,2.829339349566128,,,,,
a,f64,323.9878898513317,2.8422556064365847,,,,,
a,f64,325.22448485076427,2.8323353827693554,,,,,
a,f64,326.4610798501968,2.8320683868403225,,,,,
a,f64,327.6976748496294,2.8403387653609755,,,,,
a,f64,328.934269849062,2.8518483788887092,,,,,
a,f64,330.17086484849455,2.940778109915322,,,,,
a,f64,331.4074598479271,2.8531453924056907,,,,,
a,f64,332.64405484735966,2.8651902959096764,,,,,
a,f64,333.8806498467922,2.8557588353354832,,,,,
a,f64,335.11724484622476,2.8778267959772355,,,,,
a,f64,336.3538398456574,2.8441967553822574,,,,,
a,f64,337.59043484508993,2.8780637217370972,,,,,
a,f64,338.8270298445225,2.8667042419869913,,,,,
a,f64,340.06362484395504,2.862438839738709,,,,,
a,f64,341.3002198433876,2.870700428170968,,,,,
a,f64,342.53681484282015,2.9434592750243906,,,,,
a,f64,343.77340984225276,2.867767597737903,,,,,
a,f64,345.0100048416853,2.8590707536870963,,,,,
a,f64,346.24659984111787,2.868414790725203,,,,,
a,f64,347.4831948405504,2.8626480000548384,,,,,
a,f64,348.719789839983,2.884987490901613,,,,,
a,f64,349.95638483941553,2.820175926767479,,,,,
a,f64,351.1929798388481,2.8301276517161287,,,,,
a,f64,352.4295748382807,2.8370214903741933,,,,,
a,f64,353.66616983771326,2.8404971224642277,,,,,
a,f64,354.9027648371458,2.9153996500354835,,,,,
a,f64,356.13935983657836,2.846847427121951,,,,,
a,f64,357.3759548360109,2.8385114272629033,,,,,
a,f64,358.6125498354435,2.8390139582612908,,,,,
a,f64,359.8491448348761,2.8554337423398377,,,,,
a,f64,361.08573983430864,2.8777454585153226,,,,,
a,f64,362.3223348337412,2.8555893063838704,,,,,
a,f64,363.55892983317375,2.8714339413658534,,,,,
a,f64,364.7955248326063,2.8679017517967744,,,,,
a,f64,366.03211983203886,2.3455324120459684,,,,,
a,f64,367.26871483147147,2.1136378741146347,,,,,
a,f64,368.505309830904,2.1750941668177415,,,,,
a,f64,369.7419048303366,2.107450819198387,,,,,
a,f64,370.97849982976913,2.141098659304878,,,,,
a,f64,372.2150948292017,2.1008284255314513,,,,,
a,f64,373.45168982863424,2.100379903041129,,,,,
a,f64,374.68828482806686,2.0966587847341462,,,,,
a,f64,375.9248798274994,2.095885365680645,,,,,
a,f64,377.16147482693196,2.0956590499612906,,,,,
a,f64,378.3980698263645,2.098244423703252,,,,,
a,f64,379.6346648257971,2.0959775530661298,,,,,
a,f64,380.87125982522963,2.1796782427959673,,,,,
a,f64,382.1078548246622,2.1026881637869916,,,,,
a,f64,383.3444498240948,2.0983373530500007,,,,,
a,f64,384.58104482352735,2.096409476308065,,,,,
a,f64,385.8176398229599,2.1011537952943087,,,,,
a,f64,387.05423482239246,2.096663820806452,,,,,
a,f64,388.290829821825,2.0943619752879035,,,,,
a,f64,389.52742482125757,2.1389225342471545,,,,,
a,f64,390.7640198206902,2.1045317692322576,,,,,
a,f64,392.00061482012273,2.0953047942419354,,,,,
a,f64,393.2372098195553,2.1860752060349595,,,,,
a,f64,394.47380481898784,2.101252685160484,,,,,
a,f64,395.7103998184204,2.105722383416935,,,,,
a,f64,396.94699481785295,2.101645575544715,,,,,
a,f64,398.18358981728557,2.0949814928064514,,,,,
a,f64,399.4201848167181,2.0936284173838704,,,,,
a,f64,400.6567798161507,2.0957919576577235,,,,,
a,f64,401.89337481558323,2.095570326487097,,,,,
a,f64,403.1299698150158,2.0941271265935484,,,,,
a,f64,404.36656481444834,2.093968854530081,,,,,
a,f64,405.60315981388095,2.1811323233233875,,,,,
a,f64,406.8397548133135,2.1007773027330647,,,,,
a,f64,408.07634981274606,2.0952535443333336,,,,,
a,f64,409.3129448121786,2.0938074856016127,,,,,
a,f64,410.54953981161117,2.102387897912097,,,,,
a,f64,411.7861348110437,2.0937013217536578,,,,,
a,f64,413.0227298104763,2.0943474123791987,,,,,
a,f64,414.2593248099089,2.0940945232390242,,,,,
a,f64,415.49591980934144,2.09351669166129,,,,,
a,f64,416.732514808774,2.0953940745096777,,,,,
a,f64,417.96910980820655,2.1044678236227643,,,,,
a,f64,419.2057048076391,2.194308711673387,,,,,
a,f64,420.44229980707166,2.12196918235887,,,,,
a,f64,421.6788948065043,2.0934008835658537,,,,,
a,f64,422.91548980593683,2.0996939480096772,,,,,
a,f64,424.1520848053694,2.095033010060484,,,,,
a,f64,425.38867980480194,2.1019479574113826,,,,,
a,f64,426.6252748042345,2.09985963626371,,,,,
a,f64,427.86186980366705,2.094157224173387,,,,,
a,f64,429.09846480309966,2.1004078070357726,,,,,
a,f64,430.3350598025322,2.0994656877709676,,,,,
a,f64,431.57165480196477,2.1755971453282257,,,,,
a,f64,432.8082498013973,2.1027599178585366,,,,,
a,f64,434.0448448008299,2.0949316522887096,,,,,
a,f64,435.28143980026243,2.0941835669661284,,,,,
a,f64,436.51803479969504,2.1360158448642284,,,,,
a,f64,437.7546297991276,2.1063135537451623,,,,,
a,f64,438.99122479856015,2.0931490853170733,,,,,
a,f64,440.2278197979927,2.0948083600314513,,,,,
a,f64,441.46441479742526,2.099847899290323,,,,,
a,f64,442.7010097968578,2.0957310743373982,,,,,
a,f64,443.9376047962904,2.1770006604806453,,,,,
a,f64,445.174199795723,2.1045182216596774,,,,,
a,f64,446.41079479515554,2.098608716645528,,,,,
a,f64,447.6473897945881,2.0951739624451613,,,,,
a,f64,448.88398479402065,2.0954931313024194,,,,,
a,f64,450.1205797934532,2.1414025293609757,,,,,
a,f64,451.35717479288576,2.1009347260564515,,,,,
a,f64,452.59376979231837,2.0954234911693543,,,,,
a,f64,453.8303647917509,2.0942070088796747,,,,,
a,f64,455.0669597911835,2.0950981533403223,,,,,
a,f64,456.30355479061603,2.1953323115620966,,,,,
a,f64,457.5401497900486,2.115656920519513,,,,,
a,f64,458.77674478948114,2.1113822129048394,,,,,
a,f64,460.01333978891375,2.112461393825,,,,,
a,f64,461.2499347883463,2.0980313251260165,,,,,
a,f64,462.48652978777886,2.099248130647581,,,,,
a,f64,463.7231247872114,2.095067898292742,,,,,
a,f64,464.959719786644,2.0947595578203253,,,,,
a,f64,466.1963147860765,2.0945424116645164,,,,,
a,f64,467.43290978550914,2.094052908327419,,,,,
a,f64,468.6695047849417,2.1838151833170727,,,,,
a,f64,469.90609978437425,2.111421240726613,,,,,
a,f64,471.1426947838068,2.1019874973241937,,,,,
a,f64,472.37928978323936,2.09650919812683,,,,,
a,f64,473.6158847826719,2.099678108992742,,,,,
a,f64,474.8524797821045,2.094875456883871,,,,,
a,f64,476.0890747815371,2.0977474102682927,,,,,
a,f64,477.32566978096963,2.0961702695411293,,,,,
a,f64,478.5622647804022,2.0983139830451614,,,,,
a,f64,479.79885977983474,2.122185383926829,,,,,
a,f64,481.0354547792673,2.1926471721677414,,,,,
a,f64,482.27204977869985,2.1050974471790322,,,,,
a,f64,483.50864477813246,2.1057190981056912,,,,,
a,f64,484.745239777565,2.095952557595968,,,,,
a,f64,485.9818347769976,2.179542960683871,,,,,
a,f64,487.2184297764301,2.1018888646333336,,,,,
a,f64,488.4550247758627,2.095963042690323,,,,,
a,f64,489.69161977529524,2.0985288895620964,,,,,
a,f64,490.92821477472785,2.0979620163032524,,,,,
a,f64,492.1648097741604,2.096340824717742,,,,,
a,f64,493.40140477359296,2.1881647654918694,,,,,
b,f64,,,0.7545810220515081,0.13660253947786657,0.0014449350947072226,15994.0,11999.0
b,f256,,,0.3328433943462956,0.05760378531138764,0.001804401077427631,16037.0,11999.0
b,f512,,,0.26726709750181454,0.05465691797183315,0.002579440171211811,16006.0,11998.0
b,f1024,,,0.22848893331504572,0.0536376775050162,0.00017345184116379642,16009.0,11999.0
b,f2048,,,0.23952472845788142,0.05162483506305102,0.0008764114739134854,16037.0,11999.0
